{
    "Attention": 11.612903225806452,
    "Audition": 21.93548387096774,
    "Benefit": 5.161290322580645,
    "Biomotion": 24.516129032258064,
    "Body": 9.03225806451613,
    "Color": 31.612903225806452,
    "Communication": 5.161290322580645,
    "Face": 3.225806451612903,
    "Fast": 12.258064516129032,
    "Happy": 4.516129032258065,
    "Harm": 3.870967741935484,
    "Head": 21.93548387096774,
    "High": 5.806451612903226,
    "Large": 12.903225806451612,
    "Loud": 12.903225806451612,
    "LowerLimb": 3.225806451612903,
    "Motion": 20.64516129032258,
    "Music": 11.612903225806452,
    "Near": 19.35483870967742,
    "Needs": 9.03225806451613,
    "Path": 3.870967741935484,
    "Pattern": 9.03225806451613,
    "Pleasant": 18.70967741935484,
    "Practice": 43.225806451612904,
    "Scene": 9.67741935483871,
    "Shape": 84.51612903225806,
    "Small": 20.64516129032258,
    "Smell": 14.193548387096774,
    "Sound": 25.806451612903224,
    "Speech": 3.225806451612903,
    "Taste": 23.870967741935484,
    "Temperature": 4.516129032258065,
    "Texture": 12.258064516129032,
    "Touch": 21.29032258064516,
    "UpperLimb": 29.032258064516128,
    "Vision": 95.48387096774194,
    "Weight": 39.354838709677416
}