{
    "a_bird": 1.9956850053937432,
    "a_building": 2.4271844660194173,
    "a_carnivore": 3.883495145631068,
    "a_cat": 1.2405609492988134,
    "a_container": 14.13160733549083,
    "a_fish": 3.236245954692557,
    "a_food": 19.902912621359224,
    "a_fruit": 4.261057173678533,
    "a_gun": 1.186623516720604,
    "a_herbivore": 3.3980582524271843,
    "a_house": 3.72168284789644,
    "a_mammal": 5.124056094929881,
    "a_musical_instrument": 1.9956850053937432,
    "a_pet": 2.26537216828479,
    "a_predator": 2.96655879180151,
    "a_rodent": 0.6472491909385113,
    "a_scavenger": 2.2114347357065802,
    "a_tool": 26.321467098166128,
    "a_toy": 4.314994606256742,
    "a_tree": 6.68824163969795,
    "a_utensil": 5.825242718446602,
    "a_vegetable": 5.555555555555555,
    "a_vehicle": 7.659115426105718,
    "a_weapon": 2.96655879180151,
    "an_animal": 10.194174757281553,
    "an_appliance": 8.036677454153182,
    "an_insect": 1.186623516720604,
    "beh_-_builds_nests": 2.481121898597627,
    "beh_-_cannot_fly": 14.13160733549083,
    "beh_-_chirps": 1.2944983818770226,
    "beh_-_crawls": 3.128371089536138,
    "beh_-_eats": 10.40992448759439,
    "beh_-_eats_fish": 2.481121898597627,
    "beh_-_eats_garbage": 1.2944983818770226,
    "beh_-_eats_grass": 2.535059331175836,
    "beh_-_eats_insects": 3.1823085221143472,
    "beh_-_flies": 2.0496224379719523,
    "beh_-_hunts": 3.829557713052859,
    "beh_-_jumps": 3.451995685005394,
    "beh_-_lays_eggs": 4.584681769147789,
    "beh_-_migrates": 2.103559870550162,
    "beh_-_runs": 5.717367853290184,
    "beh_-_sings": 0.7551240560949298,
    "beh_-_swims": 2.858683926645092,
    "beh_-_travels_in_herds": 2.103559870550162,
    "bought/sold_in_stores": 77.9395900755124,
    "clothing": 8.845738942826321,
    "comes_in_pairs": 7.227615965480044,
    "different_colours": 71.46709816612729,
    "different_sizes": 96.49406688241639,
    "eaten_as_meat": 5.9870550161812295,
    "eaten_by_baking": 5.555555555555555,
    "eaten_by_cooking": 8.845738942826321,
    "eaten_in_pies": 2.912621359223301,
    "eaten_in_salads": 6.3646170442286945,
    "eaten_in_soups": 6.3646170442286945,
    "eaten_in_summer": 8.576051779935275,
    "found_in_bathrooms": 9.385113268608414,
    "found_in_bedrooms": 19.741100323624597,
    "found_in_houses": 65.6957928802589,
    "found_in_kitchens": 30.36677454153182,
    "found_on_walls": 8.737864077669903,
    "furniture": 4.153182308522115,
    "grows_in_forests": 4.692556634304207,
    "grows_in_gardens": 6.418554476806904,
    "grows_in_the_ground": 6.310679611650485,
    "grows_on_trees": 3.559870550161812,
    "has_2_wheels": 1.0787486515641855,
    "has_4_legs": 6.634304207119741,
    "has_4_wheels": 2.373247033441208,
    "has_a_beak": 2.0496224379719523,
    "has_a_blade": 4.908306364617045,
    "has_a_door": 5.016181229773463,
    "has_a_handle": 17.583603020496223,
    "has_a_head": 20.388349514563107,
    "has_a_lid": 8.090614886731391,
    "has_a_long_neck": 3.344120819848975,
    "has_a_long_tail": 4.584681769147789,
    "has_a_neck": 12.405609492988134,
    "has_a_pit": 1.132686084142395,
    "has_a_pointed_end": 12.67529665587918,
    "has_a_roof": 3.7756202804746493,
    "has_a_seat": 6.634304207119741,
    "has_a_shell": 10.140237324703344,
    "has_a_skin": 19.2017259978425,
    "has_a_tail": 9.115426105717368,
    "has_a_trigger": 2.96655879180151,
    "has_a_wooden_handle": 5.771305285868393,
    "has_a_zipper": 1.725997842502697,
    "has_an_engine": 4.0453074433656955,
    "has_an_inside": 65.26429341963322,
    "has_blades": 5.339805825242719,
    "has_buttons": 9.331175836030205,
    "has_claws": 4.908306364617045,
    "has_doors": 4.099244875943905,
    "has_drawers": 0.9169363538295577,
    "has_ears": 6.68824163969795,
    "has_eyes": 10.625674217907228,
    "has_feathers": 2.157497303128371,
    "has_feet": 13.106796116504855,
    "has_fins": 1.779935275080906,
    "has_fur": 4.908306364617045,
    "has_gills": 1.4023732470334411,
    "has_hair": 7.119741100323624,
    "has_handles": 15.102481121898597,
    "has_holes": 17.74541531823085,
    "has_hooves": 1.2944983818770226,
    "has_horns": 1.5102481121898597,
    "has_keys": 3.829557713052859,
    "has_leaves": 6.148867313915858,
    "has_legs": 13.322545846817691,
    "has_long_legs": 2.588996763754045,
    "has_numbers": 9.978425026968717,
    "has_patterns": 25.943905070118664,
    "has_peel": 3.128371089536138,
    "has_pockets": 3.1823085221143472,
    "has_scales": 2.0496224379719523,
    "has_seeds": 6.040992448759439,
    "has_shelves": 1.348435814455232,
    "has_sleeves": 2.588996763754045,
    "has_strings": 5.663430420711974,
    "has_teeth": 8.414239482200648,
    "has_webbed_feet": 0.8629989212513485,
    "has_wheels": 4.854368932038835,
    "has_whiskers": 3.451995685005394,
    "has_windows": 3.1823085221143472,
    "has_wings": 3.1823085221143472,
    "hunted_by_people": 4.368932038834951,
    "inbeh_-_fires": 3.236245954692557,
    "inbeh_-_floats": 7.5512405609492985,
    "inbeh_-_produces_music": 3.7756202804746493,
    "inbeh_-_produces_noise": 25.889967637540455,
    "is_beautiful": 15.426105717367854,
    "is_black": 21.305285868392666,
    "is_blue": 6.526429341963323,
    "is_breakable": 51.24056094929881,
    "is_brown": 33.22545846817692,
    "is_citrus": 1.8338727076591155,
    "is_cold": 7.1736785329018335,
    "is_colourful": 27.77777777777778,
    "is_comfortable": 11.92017259978425,
    "is_crunchy": 5.663430420711974,
    "is_cute": 9.277238403451996,
    "is_dangerous": 12.729234088457389,
    "is_decorative": 29.018338727076593,
    "is_dirty": 10.57173678532902,
    "is_domestic": 33.7108953613808,
    "is_edible": 20.22653721682848,
    "is_electrical": 11.650485436893204,
    "is_endangered": 1.564185544768069,
    "is_expensive": 11.11111111111111,
    "is_fast": 13.538295577130528,
    "is_flat": 26.10571736785329,
    "is_fun": 15.64185544768069,
    "is_furry": 4.368932038834951,
    "is_gold": 4.746494066882416,
    "is_green": 10.787486515641856,
    "is_grey": 27.508090614886733,
    "is_hand_held": 35.221143473570656,
    "is_hard": 50.05393743257821,
    "is_heavy": 22.27615965480043,
    "is_juicy": 3.559870550161812,
    "is_knitted": 1.564185544768069,
    "is_large": 19.093851132686083,
    "is_long": 27.72384034519957,
    "is_loud": 11.272923408845738,
    "is_nutritious": 10.733549083063647,
    "is_orange": 7.44336569579288,
    "is_pink": 12.405609492988134,
    "is_pretty": 13.052858683926646,
    "is_purple": 4.962243797195254,
    "is_rectangular": 25.080906148867314,
    "is_red": 10.140237324703344,
    "is_round": 33.7108953613808,
    "is_sharp": 8.737864077669903,
    "is_shiny": 24.919093851132686,
    "is_silver": 13.322545846817691,
    "is_slimy": 2.4271844660194173,
    "is_slow": 12.513484358144552,
    "is_small": 53.344120819848975,
    "is_smelly": 8.19848975188781,
    "is_smooth": 59.11542610571737,
    "is_soft": 30.204962243797194,
    "is_square": 7.766990291262136,
    "is_strong": 30.474649406688243,
    "is_tall": 7.874865156418554,
    "is_thin": 42.55663430420712,
    "is_transparent": 5.28586839266451,
    "is_ugly": 2.157497303128371,
    "is_useful": 76.10571736785329,
    "is_warm": 16.61272923408846,
    "is_white": 21.521035598705502,
    "is_white_inside": 10.248112189859762,
    "is_yellow": 10.086299892125135,
    "lives_in_Africa": 5.93311758360302,
    "lives_in_deserts": 1.941747572815534,
    "lives_in_forests": 5.717367853290184,
    "lives_in_ground": 7.227615965480044,
    "lives_in_jungles": 1.941747572815534,
    "lives_in_oceans": 2.2114347357065802,
    "lives_in_trees": 2.157497303128371,
    "lives_in_water": 3.344120819848975,
    "lives_in_wilderness": 9.06148867313916,
    "lives_in_zoos": 3.613807982740022,
    "lives_on_farms": 6.903991370010788,
    "made_of_brass": 5.016181229773463,
    "made_of_brick": 0.5393743257820928,
    "made_of_ceramic": 4.368932038834951,